gt_tp_rate,gt_tn_rate,gt_fp_rate,gt_fn_rate,step
0.07631578947368421,0.4394736842105263,0.44473684210526315,0.039473684210526314,1
0.09438202247191012,0.40898876404494383,0.4696629213483146,0.02696629213483146,2
0.13333333333333333,0.4121212121212121,0.4,0.05454545454545454,3
0.12219451371571072,0.47381546134663344,0.3740648379052369,0.029925187032418952,4
0.15,0.4076923076923077,0.41923076923076924,0.023076923076923078,5
0.11780104712041885,0.3900523560209424,0.43455497382198954,0.05759162303664921,6
0.07932011331444759,0.4985835694050991,0.37110481586402266,0.05099150141643059,7
0.09873417721518987,0.43037974683544306,0.43544303797468353,0.035443037974683546,8
0.11838790931989925,0.4433249370277078,0.38287153652392947,0.055415617128463476,9
0.0711743772241993,0.3879003558718861,0.505338078291815,0.03558718861209965,10
0.10876132930513595,0.486404833836858,0.3685800604229607,0.03625377643504532,11
0.04020100502512563,0.4472361809045226,0.48743718592964824,0.02512562814070352,12
0.09897610921501707,0.4709897610921502,0.40273037542662116,0.027303754266211604,13
0.14840989399293286,0.607773851590106,0.20848056537102475,0.0353356890459364,14
0.09090909090909091,0.48951048951048953,0.4125874125874126,0.006993006993006993,15
0.09236947791164658,0.4738955823293173,0.40160642570281124,0.0321285140562249,16
0.08403361344537816,0.5994397759103641,0.2913165266106443,0.025210084033613446,17
0.12738853503184713,0.5063694267515924,0.3343949044585987,0.03184713375796178,18
0.07547169811320754,0.5283018867924528,0.30660377358490565,0.08962264150943396,19
0.07784431137724551,0.4311377245508982,0.40119760479041916,0.08982035928143713,20
0.07780979827089338,0.5187319884726225,0.345821325648415,0.05763688760806916,21
0.16796875,0.54296875,0.25390625,0.03515625,22
0.10931174089068826,0.4979757085020243,0.3603238866396761,0.032388663967611336,23
0.09235668789808917,0.5636942675159236,0.2929936305732484,0.050955414012738856,24
0.1169811320754717,0.4679245283018868,0.32452830188679244,0.09056603773584905,25
0.09657320872274143,0.5233644859813084,0.2616822429906542,0.11838006230529595,26
0.07451923076923077,0.5,0.37740384615384615,0.04807692307692308,27
0.13756613756613756,0.5661375661375662,0.2275132275132275,0.06878306878306878,28
0.1167192429022082,0.444794952681388,0.38485804416403785,0.05362776025236593,29
0.08411214953271028,0.5202492211838006,0.3146417445482866,0.08099688473520249,30
0.16463414634146342,0.38414634146341464,0.3231707317073171,0.12804878048780488,31
0.09771986970684039,0.501628664495114,0.34527687296416937,0.05537459283387622,32
0.08846153846153847,0.5346153846153846,0.3192307692307692,0.057692307692307696,33
0.1414790996784566,0.44694533762057875,0.3022508038585209,0.10932475884244373,34
0.18857142857142858,0.5542857142857143,0.17142857142857143,0.08571428571428572,35
0.12034383954154727,0.49283667621776506,0.31805157593123207,0.06876790830945559,36
0.12626262626262627,0.43434343434343436,0.3333333333333333,0.10606060606060606,37
0.125,0.5833333333333334,0.20833333333333334,0.08333333333333333,38
0.09917355371900827,0.4793388429752066,0.3884297520661157,0.03305785123966942,39
0.1649122807017544,0.38596491228070173,0.3894736842105263,0.05964912280701754,40
0.11396011396011396,0.49572649572649574,0.3475783475783476,0.042735042735042736,41
0.0851063829787234,0.43465045592705165,0.425531914893617,0.0547112462006079,42
0.10043668122270742,0.5065502183406113,0.3318777292576419,0.0611353711790393,43
0.12225705329153605,0.54858934169279,0.25391849529780564,0.07523510971786834,44
0.2178988326848249,0.4085603112840467,0.31906614785992216,0.054474708171206226,45
0.2109090909090909,0.5890909090909091,0.18181818181818182,0.01818181818181818,46
0.06227106227106227,0.5347985347985348,0.3772893772893773,0.02564102564102564,47
0.12341772151898735,0.5443037974683544,0.28164556962025317,0.05063291139240506,48
0.16759776536312848,0.43575418994413406,0.29608938547486036,0.1005586592178771,49
0.13924050632911392,0.5506329113924051,0.2468354430379747,0.06329113924050633,50
0.13917525773195877,0.4536082474226804,0.34536082474226804,0.061855670103092786,51
0.20068027210884354,0.5102040816326531,0.21768707482993196,0.07142857142857142,52
0.17343173431734318,0.4907749077490775,0.2730627306273063,0.06273062730627306,53
0.140625,0.52734375,0.26171875,0.0703125,54
0.34806629834254144,0.4861878453038674,0.11602209944751381,0.049723756906077346,55
0.16731517509727625,0.4669260700389105,0.3346303501945525,0.0311284046692607,56
0.17041800643086816,0.4983922829581994,0.2733118971061093,0.05787781350482315,57
0.18340611353711792,0.5021834061135371,0.2576419213973799,0.056768558951965066,58
0.12658227848101267,0.5063291139240507,0.31962025316455694,0.04746835443037975,59
0.13973799126637554,0.5327510917030568,0.2925764192139738,0.034934497816593885,60
0.10064935064935066,0.551948051948052,0.2857142857142857,0.06168831168831169,61
0.13523131672597866,0.498220640569395,0.3238434163701068,0.042704626334519574,61
0.08949416342412451,0.5486381322957199,0.29571984435797666,0.06614785992217899,62
0.25101214574898784,0.5587044534412956,0.14979757085020243,0.04048582995951417,63
0.085,0.555,0.33,0.03,64
0.22440944881889763,0.5511811023622047,0.16535433070866143,0.05905511811023622,65
0.16260162601626016,0.508130081300813,0.2804878048780488,0.04878048780487805,66
0.1910828025477707,0.5414012738853503,0.20382165605095542,0.06369426751592357,67
0.1266233766233766,0.5941558441558441,0.19805194805194806,0.08116883116883117,68
0.1716867469879518,0.5692771084337349,0.19578313253012047,0.06325301204819277,69
0.3160919540229885,0.5344827586206896,0.09770114942528736,0.05172413793103448,70
0.1524547803617571,0.5400516795865633,0.28165374677002586,0.025839793281653745,71
0.22184300341296928,0.515358361774744,0.2150170648464164,0.04778156996587031,72
0.1625441696113074,0.5017667844522968,0.3003533568904594,0.0353356890459364,73
0.30735930735930733,0.5108225108225108,0.14285714285714285,0.03896103896103896,74
0.2696629213483146,0.4438202247191011,0.21910112359550563,0.06741573033707865,75
0.15841584158415842,0.48514851485148514,0.2079207920792079,0.1485148514851485,76
0.1357615894039735,0.4602649006622517,0.3576158940397351,0.046357615894039736,77
0.1712962962962963,0.4351851851851852,0.3101851851851852,0.08333333333333333,78
0.31386861313868614,0.5401459854014599,0.08759124087591241,0.058394160583941604,79
0.11764705882352941,0.5851393188854489,0.24148606811145512,0.05572755417956656,80
0.11707317073170732,0.4292682926829268,0.33658536585365856,0.11707317073170732,81
0.20180722891566266,0.5602409638554217,0.1536144578313253,0.08433734939759036,82
0.3401639344262295,0.5040983606557377,0.07377049180327869,0.08196721311475409,83
0.1510574018126888,0.5558912386706949,0.25075528700906347,0.04229607250755287,84
0.14761904761904762,0.5285714285714286,0.2,0.12380952380952381,85
0.13620071684587814,0.4838709677419355,0.2867383512544803,0.0931899641577061,86
0.14130434782608695,0.5271739130434783,0.2554347826086957,0.07608695652173914,87
0.21904761904761905,0.5333333333333333,0.13333333333333333,0.11428571428571428,88
0.10407239819004525,0.5294117647058824,0.27149321266968324,0.09502262443438914,89
0.1992619926199262,0.5350553505535055,0.1992619926199262,0.06642066420664207,90
0.319672131147541,0.3524590163934426,0.22131147540983606,0.10655737704918032,91
0.2692307692307692,0.5705128205128205,0.10897435897435898,0.05128205128205128,92
0.30434782608695654,0.5942028985507246,0.014492753623188406,0.08695652173913043,93
0.1810344827586207,0.5043103448275862,0.2543103448275862,0.0603448275862069,94
0.1917808219178082,0.5159817351598174,0.1963470319634703,0.0958904109589041,95
0.09480122324159021,0.6055045871559633,0.22935779816513763,0.07033639143730887,96
0.17101449275362318,0.4260869565217391,0.34492753623188405,0.057971014492753624,97
0.17218543046357615,0.4966887417218543,0.26490066225165565,0.06622516556291391,98
0.34285714285714286,0.56,0.07428571428571429,0.022857142857142857,99
0.11836734693877551,0.5469387755102041,0.2897959183673469,0.044897959183673466,100
0.12615384615384614,0.5753846153846154,0.2553846153846154,0.043076923076923075,101
0.20100502512562815,0.4723618090452261,0.21608040201005024,0.11055276381909548,102
0.16740088105726872,0.5638766519823789,0.2290748898678414,0.039647577092511016,103
0.22169811320754718,0.5424528301886793,0.19339622641509435,0.04245283018867924,104
0.0938337801608579,0.579088471849866,0.29222520107238603,0.03485254691689008,105
0.2181208053691275,0.5,0.21476510067114093,0.06711409395973154,106
0.1320754716981132,0.5566037735849056,0.17452830188679244,0.13679245283018868,107
0.27485380116959063,0.5029239766081871,0.12280701754385964,0.09941520467836257,108
0.19672131147540983,0.569672131147541,0.20081967213114754,0.03278688524590164,109
0.26737967914438504,0.48663101604278075,0.21390374331550802,0.03208556149732621,110
0.1708185053380783,0.5871886120996441,0.18861209964412812,0.05338078291814947,111
0.1724137931034483,0.4942528735632184,0.2950191570881226,0.038314176245210725,112
0.3076923076923077,0.47692307692307695,0.07692307692307693,0.13846153846153847,113
0.1811320754716981,0.5245283018867924,0.2641509433962264,0.03018867924528302,114
0.17,0.6033333333333334,0.13666666666666666,0.09,115
0.13712374581939799,0.5953177257525084,0.19063545150501673,0.07692307692307693,116
0.18439716312056736,0.5886524822695035,0.19148936170212766,0.03546099290780142,117
0.13744075829383887,0.4075829383886256,0.32701421800947866,0.12796208530805686,118
0.1796116504854369,0.48058252427184467,0.2087378640776699,0.13106796116504854,119
0.24017467248908297,0.5327510917030568,0.19213973799126638,0.034934497816593885,120
0.2835820895522388,0.5447761194029851,0.11194029850746269,0.05970149253731343,121
0.15486725663716813,0.5398230088495575,0.2831858407079646,0.022123893805309734,122
0.2112676056338028,0.5492957746478874,0.11267605633802817,0.1267605633802817,123
0.24882629107981222,0.5492957746478874,0.15023474178403756,0.051643192488262914,124
0.3364485981308411,0.5607476635514018,0.06542056074766354,0.037383177570093455,125
0.2676056338028169,0.6056338028169014,0.07042253521126761,0.056338028169014086,126
0.2185792349726776,0.4918032786885246,0.2459016393442623,0.04371584699453552,127
0.1566265060240964,0.4397590361445783,0.3192771084337349,0.08433734939759036,128
0.25098039215686274,0.5019607843137255,0.21568627450980393,0.03137254901960784,129
0.27071823204419887,0.4861878453038674,0.16022099447513813,0.08287292817679558,130
0.1166077738515901,0.6254416961130742,0.2049469964664311,0.053003533568904596,131
0.19444444444444445,0.4930555555555556,0.1736111111111111,0.1388888888888889,132
0.1991869918699187,0.4878048780487805,0.16260162601626016,0.15040650406504066,133
0.3026315789473684,0.506578947368421,0.125,0.06578947368421052,134
0.19428571428571428,0.68,0.045714285714285714,0.08,135
0.2457627118644068,0.5338983050847458,0.13135593220338984,0.08898305084745763,136
